--------------------------------------SIGLA---------------------------------------
SET DEFINE OFF;
Insert into CTF.SIGLA
   (CD_SIGLA, CD_TIPO_SIGLA, SG_SIGLA, NO_SIGLA, IC_ATIVO)
 Values
   (231, 3, 'SIELO', 'SISTEMA ELO', 'S');
Insert into CTF.SIGLA
   (CD_SIGLA, CD_TIPO_SIGLA, SG_SIGLA, NO_SIGLA, IC_ATIVO)
 Values
   (232, 4, 'ELOPF', 'PERFIL SISTEMA ELO', 'S');
Insert into CTF.SIGLA
   (CD_SIGLA, CD_TIPO_SIGLA, SG_SIGLA, NO_SIGLA, IC_ATIVO)
 Values
   (233, 9, 'ELOAC', 'ACAO SISTEMA ELO', 'S');
COMMIT;


--------------------------------------SISTEMA---------------------------------------
SET DEFINE OFF;
Insert into CTF.SISTEMA
   (CD_SISTEMA, NO_SISTEMA, CD_SIGLA, DS_URL, DS_DESCRICAO, 
    DS_RAIZ, IC_EXIBIR)
 Values
   (31, 'ELO', 231, 'http://', 'Sistema ELO.', 
    NULL, 'S');
COMMIT;



--------------------------------------PERFIL---------------------------------------
SET DEFINE OFF;
Insert into CTF.PERFIL
   (CD_PERFIL, NO_PERFIL, CD_SISTEMA, DS_PERFIL, IC_ATIVO, 
    DH_INCLUSAO, DH_ULT_ALTERACAO, CD_USUARIO_INCLUSAO, CD_USUARIO_ALTERACAO, IC_ABERTO, 
    CD_SIGLA)
 Values
   (187, 'Controladoria 2', 31, 'Controladoria 2', 'S', 
    TO_DATE('01/02/2018 10:00:01', 'DD/MM/YYYY HH24:MI:SS'), NULL, 1516, NULL, 'N', 
    232);
Insert into CTF.PERFIL
   (CD_PERFIL, NO_PERFIL, CD_SISTEMA, DS_PERFIL, IC_ATIVO, 
    DH_INCLUSAO, DH_ULT_ALTERACAO, CD_USUARIO_INCLUSAO, CD_USUARIO_ALTERACAO, IC_ABERTO, 
    CD_SIGLA)
 Values
   (182, 'Comercial', 31, 'Comercial', 'S', 
    TO_DATE('01/02/2018 10:00:01', 'DD/MM/YYYY HH24:MI:SS'), NULL, 1516, NULL, 'N', 
    232);
Insert into CTF.PERFIL
   (CD_PERFIL, NO_PERFIL, CD_SISTEMA, DS_PERFIL, IC_ATIVO, 
    DH_INCLUSAO, DH_ULT_ALTERACAO, CD_USUARIO_INCLUSAO, CD_USUARIO_ALTERACAO, IC_ABERTO, 
    CD_SIGLA)
 Values
   (180, 'Torre de Fretes', 31, 'Torre de Fretes', 'S', 
    TO_DATE('01/02/2018 10:00:01', 'DD/MM/YYYY HH24:MI:SS'), NULL, 1516, NULL, 'N', 
    232);
Insert into CTF.PERFIL
   (CD_PERFIL, NO_PERFIL, CD_SISTEMA, DS_PERFIL, IC_ATIVO, 
    DH_INCLUSAO, DH_ULT_ALTERACAO, CD_USUARIO_INCLUSAO, CD_USUARIO_ALTERACAO, IC_ABERTO, 
    CD_SIGLA)
 Values
   (183, 'Controladoria 1', 31, 'Controladoria', 'S', 
    TO_DATE('01/02/2018 10:00:01', 'DD/MM/YYYY HH24:MI:SS'), NULL, 1516, NULL, 'N', 
    232);
Insert into CTF.PERFIL
   (CD_PERFIL, NO_PERFIL, CD_SISTEMA, DS_PERFIL, IC_ATIVO, 
    DH_INCLUSAO, DH_ULT_ALTERACAO, CD_USUARIO_INCLUSAO, CD_USUARIO_ALTERACAO, IC_ABERTO, 
    CD_SIGLA)
 Values
   (184, 'CS Gestão de Carteira', 31, 'CS Gestão de Carteira', 'S', 
    TO_DATE('01/02/2018 10:00:01', 'DD/MM/YYYY HH24:MI:SS'), NULL, 1516, NULL, 'N', 
    232);
Insert into CTF.PERFIL
   (CD_PERFIL, NO_PERFIL, CD_SISTEMA, DS_PERFIL, IC_ATIVO, 
    DH_INCLUSAO, DH_ULT_ALTERACAO, CD_USUARIO_INCLUSAO, CD_USUARIO_ALTERACAO, IC_ABERTO, 
    CD_SIGLA)
 Values
   (185, 'CS Gestão de Serviços', 31, 'CS Gestão de Serviços', 'S', 
    TO_DATE('01/02/2018 10:00:01', 'DD/MM/YYYY HH24:MI:SS'), NULL, 1516, NULL, 'N', 
    232);
Insert into CTF.PERFIL
   (CD_PERFIL, NO_PERFIL, CD_SISTEMA, DS_PERFIL, IC_ATIVO, 
    DH_INCLUSAO, DH_ULT_ALTERACAO, CD_USUARIO_INCLUSAO, CD_USUARIO_ALTERACAO, IC_ABERTO, 
    CD_SIGLA)
 Values
   (186, 'Logística', 31, 'Logística', 'S', 
    TO_DATE('01/02/2018 10:00:01', 'DD/MM/YYYY HH24:MI:SS'), NULL, 1516, NULL, 'N', 
    232);
COMMIT;



--------------------------------------ACAO---------------------------------------
SET DEFINE OFF;
Insert into CTF.ACAO
   (CD_ACAO, CD_SISTEMA, CD_USUARIO_INCLUSAO, CD_TIPO_ACAO, NO_PROGRAMA, 
    DS_PROGRAMA, DS_MENU, DS_ACAO, CD_ORDEM, IC_ATIVO, 
    DH_INCLUSAO, DH_ULT_ALTERACAO, CD_USUARIO_ALTERACAO, CD_ACAO_SUPERIOR, CD_SISTEMA_SUPERIOR, 
    CD_SIGLA, DS_RAIZ, SG_ACESSO_RAPIDO, DS_TELA, IC_EXIBIR)
 Values
   (911, 31, 1596, 2, 'Elo', 
    NULL, 'Menu', 'Submenu', 1, 'S', 
    TO_DATE('04/07/2008', 'DD/MM/YYYY'), TO_DATE('20/08/2008', 'DD/MM/YYYY'), 1596, 911, 31, 
    NULL, NULL, NULL, NULL, 'S');
Insert into CTF.ACAO
   (CD_ACAO, CD_SISTEMA, CD_USUARIO_INCLUSAO, CD_TIPO_ACAO, NO_PROGRAMA, 
    DS_PROGRAMA, DS_MENU, DS_ACAO, CD_ORDEM, IC_ATIVO, 
    DH_INCLUSAO, DH_ULT_ALTERACAO, CD_USUARIO_ALTERACAO, CD_ACAO_SUPERIOR, CD_SISTEMA_SUPERIOR, 
    CD_SIGLA, DS_RAIZ, SG_ACESSO_RAPIDO, DS_TELA, IC_EXIBIR)
 Values
   (912, 31, 1596, 2, 'Parametros', 
    NULL, 'Parametros', NULL, 1, 'S', 
    TO_DATE('01/01/2018', 'DD/MM/YYYY'), NULL, NULL, 911, 31, 
    NULL, NULL, NULL, NULL, 'S');
Insert into CTF.ACAO
   (CD_ACAO, CD_SISTEMA, CD_USUARIO_INCLUSAO, CD_TIPO_ACAO, NO_PROGRAMA, 
    DS_PROGRAMA, DS_MENU, DS_ACAO, CD_ORDEM, IC_ATIVO, 
    DH_INCLUSAO, DH_ULT_ALTERACAO, CD_USUARIO_ALTERACAO, CD_ACAO_SUPERIOR, CD_SISTEMA_SUPERIOR, 
    CD_SIGLA, DS_RAIZ, SG_ACESSO_RAPIDO, DS_TELA, IC_EXIBIR)
 Values
   (913, 31, 1596, 2, 'Customer Service', 
    NULL, 'Customer Service', NULL, 1, 'S', 
    TO_DATE('01/01/2018', 'DD/MM/YYYY'), NULL, NULL, 912, 31, 
    NULL, NULL, NULL, NULL, 'S');
Insert into CTF.ACAO
   (CD_ACAO, CD_SISTEMA, CD_USUARIO_INCLUSAO, CD_TIPO_ACAO, NO_PROGRAMA, 
    DS_PROGRAMA, DS_MENU, DS_ACAO, CD_ORDEM, IC_ATIVO, 
    DH_INCLUSAO, DH_ULT_ALTERACAO, CD_USUARIO_ALTERACAO, CD_ACAO_SUPERIOR, CD_SISTEMA_SUPERIOR, 
    CD_SIGLA, DS_RAIZ, SG_ACESSO_RAPIDO, DS_TELA, IC_EXIBIR)
 Values
   (914, 31, 1596, 2, 'Torre de Fretes', 
    NULL, 'Torre de Fretes', NULL, 2, 'S', 
    TO_DATE('01/01/2018', 'DD/MM/YYYY'), NULL, NULL, 912, 31, 
    NULL, NULL, NULL, NULL, 'S');
Insert into CTF.ACAO
   (CD_ACAO, CD_SISTEMA, CD_USUARIO_INCLUSAO, CD_TIPO_ACAO, NO_PROGRAMA, 
    DS_PROGRAMA, DS_MENU, DS_ACAO, CD_ORDEM, IC_ATIVO, 
    DH_INCLUSAO, DH_ULT_ALTERACAO, CD_USUARIO_ALTERACAO, CD_ACAO_SUPERIOR, CD_SISTEMA_SUPERIOR, 
    CD_SIGLA, DS_RAIZ, SG_ACESSO_RAPIDO, DS_TELA, IC_EXIBIR)
 Values
   (915, 31, 1596, 2, 'Controladoria', 
    NULL, 'Controladoria', NULL, 3, 'S', 
    TO_DATE('01/01/2018', 'DD/MM/YYYY'), NULL, NULL, 912, 31, 
    NULL, NULL, NULL, NULL, 'S');
Insert into CTF.ACAO
   (CD_ACAO, CD_SISTEMA, CD_USUARIO_INCLUSAO, CD_TIPO_ACAO, NO_PROGRAMA, 
    DS_PROGRAMA, DS_MENU, DS_ACAO, CD_ORDEM, IC_ATIVO, 
    DH_INCLUSAO, DH_ULT_ALTERACAO, CD_USUARIO_ALTERACAO, CD_ACAO_SUPERIOR, CD_SISTEMA_SUPERIOR, 
    CD_SIGLA, DS_RAIZ, SG_ACESSO_RAPIDO, DS_TELA, IC_EXIBIR)
 Values
   (916, 31, 1596, 2, 'Parametros Centro - Customer Service', 
    NULL, 'Parametros Centro - Customer Service', 'Controllership/Parameters.aspx', 1, 'S', 
    TO_DATE('01/01/2018', 'DD/MM/YYYY'), NULL, NULL, 913, 31, 
    NULL, NULL, NULL, NULL, 'S');
Insert into CTF.ACAO
   (CD_ACAO, CD_SISTEMA, CD_USUARIO_INCLUSAO, CD_TIPO_ACAO, NO_PROGRAMA, 
    DS_PROGRAMA, DS_MENU, DS_ACAO, CD_ORDEM, IC_ATIVO, 
    DH_INCLUSAO, DH_ULT_ALTERACAO, CD_USUARIO_ALTERACAO, CD_ACAO_SUPERIOR, CD_SISTEMA_SUPERIOR, 
    CD_SIGLA, DS_RAIZ, SG_ACESSO_RAPIDO, DS_TELA, IC_EXIBIR)
 Values
   (917, 31, 1596, 2, 'Parâmetros - Seleção da Carteira', 
    NULL, 'Parâmetros - Seleção da Carteira', 'Scheduling/Default.aspx', 2, 'S', 
    TO_DATE('01/01/2018', 'DD/MM/YYYY'), NULL, NULL, 913, 31, 
    NULL, NULL, NULL, NULL, 'S');
Insert into CTF.ACAO
   (CD_ACAO, CD_SISTEMA, CD_USUARIO_INCLUSAO, CD_TIPO_ACAO, NO_PROGRAMA, 
    DS_PROGRAMA, DS_MENU, DS_ACAO, CD_ORDEM, IC_ATIVO, 
    DH_INCLUSAO, DH_ULT_ALTERACAO, CD_USUARIO_ALTERACAO, CD_ACAO_SUPERIOR, CD_SISTEMA_SUPERIOR, 
    CD_SIGLA, DS_RAIZ, SG_ACESSO_RAPIDO, DS_TELA, IC_EXIBIR)
 Values
   (918, 31, 1596, 2, 'Agendamento - Centro/Máquina', 
    NULL, 'Agendamento - Centro/Máquina', 'Parameter/CentroExpedidorMachine.aspx', 3, 'S', 
    TO_DATE('01/01/2018', 'DD/MM/YYYY'), NULL, NULL, 913, 31, 
    NULL, NULL, NULL, NULL, 'S');
Insert into CTF.ACAO
   (CD_ACAO, CD_SISTEMA, CD_USUARIO_INCLUSAO, CD_TIPO_ACAO, NO_PROGRAMA, 
    DS_PROGRAMA, DS_MENU, DS_ACAO, CD_ORDEM, IC_ATIVO, 
    DH_INCLUSAO, DH_ULT_ALTERACAO, CD_USUARIO_ALTERACAO, CD_ACAO_SUPERIOR, CD_SISTEMA_SUPERIOR, 
    CD_SIGLA, DS_RAIZ, SG_ACESSO_RAPIDO, DS_TELA, IC_EXIBIR)
 Values
   (919, 31, 1596, 2, 'Agendamento - Bloqueios Carteira', 
    NULL, 'Agendamento - Bloqueios Carteira', NULL, 4, 'S', 
    TO_DATE('01/01/2018', 'DD/MM/YYYY'), NULL, NULL, 913, 31, 
    NULL, NULL, NULL, NULL, 'S');
Insert into CTF.ACAO
   (CD_ACAO, CD_SISTEMA, CD_USUARIO_INCLUSAO, CD_TIPO_ACAO, NO_PROGRAMA, 
    DS_PROGRAMA, DS_MENU, DS_ACAO, CD_ORDEM, IC_ATIVO, 
    DH_INCLUSAO, DH_ULT_ALTERACAO, CD_USUARIO_ALTERACAO, CD_ACAO_SUPERIOR, CD_SISTEMA_SUPERIOR, 
    CD_SIGLA, DS_RAIZ, SG_ACESSO_RAPIDO, DS_TELA, IC_EXIBIR)
 Values
   (920, 31, 1596, 2, 'Agendamento - Painel de Acordos', 
    NULL, 'Agendamento - Painel de Acordos', 'PriorityPanel/PriorityPanel.aspx', 5, 'S', 
    TO_DATE('01/01/2018', 'DD/MM/YYYY'), NULL, NULL, 913, 31, 
    NULL, NULL, NULL, NULL, 'S');
Insert into CTF.ACAO
   (CD_ACAO, CD_SISTEMA, CD_USUARIO_INCLUSAO, CD_TIPO_ACAO, NO_PROGRAMA, 
    DS_PROGRAMA, DS_MENU, DS_ACAO, CD_ORDEM, IC_ATIVO, 
    DH_INCLUSAO, DH_ULT_ALTERACAO, CD_USUARIO_ALTERACAO, CD_ACAO_SUPERIOR, CD_SISTEMA_SUPERIOR, 
    CD_SIGLA, DS_RAIZ, SG_ACESSO_RAPIDO, DS_TELA, IC_EXIBIR)
 Values
   (921, 31, 1596, 2, 'Agendamento - Produtos prioritários', 
    NULL, 'Agendamento - Produtos prioritários', 'PriorityMaterial/PriorityMaterial.aspx', 6, 'S', 
    TO_DATE('01/01/2018', 'DD/MM/YYYY'), NULL, NULL, 913, 31, 
    NULL, NULL, NULL, NULL, 'S');
Insert into CTF.ACAO
   (CD_ACAO, CD_SISTEMA, CD_USUARIO_INCLUSAO, CD_TIPO_ACAO, NO_PROGRAMA, 
    DS_PROGRAMA, DS_MENU, DS_ACAO, CD_ORDEM, IC_ATIVO, 
    DH_INCLUSAO, DH_ULT_ALTERACAO, CD_USUARIO_ALTERACAO, CD_ACAO_SUPERIOR, CD_SISTEMA_SUPERIOR, 
    CD_SIGLA, DS_RAIZ, SG_ACESSO_RAPIDO, DS_TELA, IC_EXIBIR)
 Values
   (922, 31, 1596, 2, 'Agendamento - Grupo de Embalagem', 
    NULL, 'Agendamento - Grupo de Embalagem', NULL, 7, 'S', 
    TO_DATE('01/01/2018', 'DD/MM/YYYY'), NULL, NULL, 913, 31, 
    NULL, NULL, NULL, NULL, 'S');
Insert into CTF.ACAO
   (CD_ACAO, CD_SISTEMA, CD_USUARIO_INCLUSAO, CD_TIPO_ACAO, NO_PROGRAMA, 
    DS_PROGRAMA, DS_MENU, DS_ACAO, CD_ORDEM, IC_ATIVO, 
    DH_INCLUSAO, DH_ULT_ALTERACAO, CD_USUARIO_ALTERACAO, CD_ACAO_SUPERIOR, CD_SISTEMA_SUPERIOR, 
    CD_SIGLA, DS_RAIZ, SG_ACESSO_RAPIDO, DS_TELA, IC_EXIBIR)
 Values
   (923, 31, 1596, 2, 'Agendamento - Cota Supervisores', 
    NULL, 'Agendamento - Cota Supervisores', 'Scheduling/ReportSupervisorQuota.aspx', 8, 'S', 
    TO_DATE('01/01/2018', 'DD/MM/YYYY'), NULL, NULL, 913, 31, 
    NULL, NULL, NULL, NULL, 'S');
Insert into CTF.ACAO
   (CD_ACAO, CD_SISTEMA, CD_USUARIO_INCLUSAO, CD_TIPO_ACAO, NO_PROGRAMA, 
    DS_PROGRAMA, DS_MENU, DS_ACAO, CD_ORDEM, IC_ATIVO, 
    DH_INCLUSAO, DH_ULT_ALTERACAO, CD_USUARIO_ALTERACAO, CD_ACAO_SUPERIOR, CD_SISTEMA_SUPERIOR, 
    CD_SIGLA, DS_RAIZ, SG_ACESSO_RAPIDO, DS_TELA, IC_EXIBIR)
 Values
   (924, 31, 1596, 2, 'Replan - Workflow de Aprovação', 
    NULL, 'Replan - Workflow de Aprovação', 'Replan/ReplanApprovalConfig.aspx', 9, 'S', 
    TO_DATE('01/01/2018', 'DD/MM/YYYY'), NULL, NULL, 913, 31, 
    NULL, NULL, NULL, NULL, 'S');
Insert into CTF.ACAO
   (CD_ACAO, CD_SISTEMA, CD_USUARIO_INCLUSAO, CD_TIPO_ACAO, NO_PROGRAMA, 
    DS_PROGRAMA, DS_MENU, DS_ACAO, CD_ORDEM, IC_ATIVO, 
    DH_INCLUSAO, DH_ULT_ALTERACAO, CD_USUARIO_ALTERACAO, CD_ACAO_SUPERIOR, CD_SISTEMA_SUPERIOR, 
    CD_SIGLA, DS_RAIZ, SG_ACESSO_RAPIDO, DS_TELA, IC_EXIBIR)
 Values
   (925, 31, 1596, 2, 'E-mail de clientes para devolutiva', 
    NULL, 'Devolutiva - E-mail de clientes para devolutiva', 'CustomerEmail/CustomerEmail.aspx', 10, 'S', 
    TO_DATE('01/01/2018', 'DD/MM/YYYY'), NULL, NULL, 913, 31, 
    NULL, NULL, NULL, NULL, 'S');
Insert into CTF.ACAO
   (CD_ACAO, CD_SISTEMA, CD_USUARIO_INCLUSAO, CD_TIPO_ACAO, NO_PROGRAMA, 
    DS_PROGRAMA, DS_MENU, DS_ACAO, CD_ORDEM, IC_ATIVO, 
    DH_INCLUSAO, DH_ULT_ALTERACAO, CD_USUARIO_ALTERACAO, CD_ACAO_SUPERIOR, CD_SISTEMA_SUPERIOR, 
    CD_SIGLA, DS_RAIZ, SG_ACESSO_RAPIDO, DS_TELA, IC_EXIBIR)
 Values
   (926, 31, 1596, 2, 'Perfil de Máquina', 
    NULL, 'Perfil de Máquina', NULL, 11, 'S', 
    TO_DATE('01/01/2018', 'DD/MM/YYYY'), NULL, NULL, 913, 31, 
    NULL, NULL, NULL, NULL, 'S');
Insert into CTF.ACAO
   (CD_ACAO, CD_SISTEMA, CD_USUARIO_INCLUSAO, CD_TIPO_ACAO, NO_PROGRAMA, 
    DS_PROGRAMA, DS_MENU, DS_ACAO, CD_ORDEM, IC_ATIVO, 
    DH_INCLUSAO, DH_ULT_ALTERACAO, CD_USUARIO_ALTERACAO, CD_ACAO_SUPERIOR, CD_SISTEMA_SUPERIOR, 
    CD_SIGLA, DS_RAIZ, SG_ACESSO_RAPIDO, DS_TELA, IC_EXIBIR)
 Values
   (927, 31, 1596, 2, 'Agendamento - Criar Perfil de Máquina', 
    NULL, 'Agendamento - Criar Perfil de Máquina', 'MachineProfileLinhaProduto/MachineProfileLinhaProduto.aspx', 1, 'S', 
    TO_DATE('01/01/2018', 'DD/MM/YYYY'), NULL, NULL, 926, 31, 
    NULL, NULL, NULL, NULL, 'S');
Insert into CTF.ACAO
   (CD_ACAO, CD_SISTEMA, CD_USUARIO_INCLUSAO, CD_TIPO_ACAO, NO_PROGRAMA, 
    DS_PROGRAMA, DS_MENU, DS_ACAO, CD_ORDEM, IC_ATIVO, 
    DH_INCLUSAO, DH_ULT_ALTERACAO, CD_USUARIO_ALTERACAO, CD_ACAO_SUPERIOR, CD_SISTEMA_SUPERIOR, 
    CD_SIGLA, DS_RAIZ, SG_ACESSO_RAPIDO, DS_TELA, IC_EXIBIR)
 Values
   (928, 31, 1596, 2, 'Atribuir Perfil de Máquina à Máquina', 
    NULL, 'Agendamento - Atribuir Perfil de Máquina à Máquina', 'MachineMachineProfileParameters/Home.aspx', 2, 'S', 
    TO_DATE('01/01/2018', 'DD/MM/YYYY'), NULL, NULL, 926, 31, 
    NULL, NULL, NULL, NULL, 'S');
Insert into CTF.ACAO
   (CD_ACAO, CD_SISTEMA, CD_USUARIO_INCLUSAO, CD_TIPO_ACAO, NO_PROGRAMA, 
    DS_PROGRAMA, DS_MENU, DS_ACAO, CD_ORDEM, IC_ATIVO, 
    DH_INCLUSAO, DH_ULT_ALTERACAO, CD_USUARIO_ALTERACAO, CD_ACAO_SUPERIOR, CD_SISTEMA_SUPERIOR, 
    CD_SIGLA, DS_RAIZ, SG_ACESSO_RAPIDO, DS_TELA, IC_EXIBIR)
 Values
   (929, 31, 1596, 2, 'Atribuir Lin Prod ao Perfil da Máquina', 
    NULL, 'Agendamento - Atribuir Linha de Produto ao Perfil da Máquina', NULL, 3, 'S', 
    TO_DATE('01/01/2018', 'DD/MM/YYYY'), NULL, NULL, 926, 31, 
    NULL, NULL, NULL, NULL, 'S');
Insert into CTF.ACAO
   (CD_ACAO, CD_SISTEMA, CD_USUARIO_INCLUSAO, CD_TIPO_ACAO, NO_PROGRAMA, 
    DS_PROGRAMA, DS_MENU, DS_ACAO, CD_ORDEM, IC_ATIVO, 
    DH_INCLUSAO, DH_ULT_ALTERACAO, CD_USUARIO_ALTERACAO, CD_ACAO_SUPERIOR, CD_SISTEMA_SUPERIOR, 
    CD_SIGLA, DS_RAIZ, SG_ACESSO_RAPIDO, DS_TELA, IC_EXIBIR)
 Values
   (930, 31, 1596, 2, 'Motivos', 
    NULL, 'Motivos', 'FreightTower/FreightTower.aspx', 1, 'S', 
    TO_DATE('01/01/2018', 'DD/MM/YYYY'), NULL, NULL, 914, 31, 
    NULL, NULL, NULL, NULL, 'S');
Insert into CTF.ACAO
   (CD_ACAO, CD_SISTEMA, CD_USUARIO_INCLUSAO, CD_TIPO_ACAO, NO_PROGRAMA, 
    DS_PROGRAMA, DS_MENU, DS_ACAO, CD_ORDEM, IC_ATIVO, 
    DH_INCLUSAO, DH_ULT_ALTERACAO, CD_USUARIO_ALTERACAO, CD_ACAO_SUPERIOR, CD_SISTEMA_SUPERIOR, 
    CD_SIGLA, DS_RAIZ, SG_ACESSO_RAPIDO, DS_TELA, IC_EXIBIR)
 Values
   (931, 31, 1596, 2, 'Motivos', 
    NULL, 'Motivos', 'Controllership/HomeControllership.aspx', 1, 'S', 
    TO_DATE('01/01/2018', 'DD/MM/YYYY'), NULL, NULL, 915, 31, 
    NULL, NULL, NULL, NULL, 'S');
Insert into CTF.ACAO
   (CD_ACAO, CD_SISTEMA, CD_USUARIO_INCLUSAO, CD_TIPO_ACAO, NO_PROGRAMA, 
    DS_PROGRAMA, DS_MENU, DS_ACAO, CD_ORDEM, IC_ATIVO, 
    DH_INCLUSAO, DH_ULT_ALTERACAO, CD_USUARIO_ALTERACAO, CD_ACAO_SUPERIOR, CD_SISTEMA_SUPERIOR, 
    CD_SIGLA, DS_RAIZ, SG_ACESSO_RAPIDO, DS_TELA, IC_EXIBIR)
 Values
   (932, 31, 1596, 2, 'Parâmetros Centro (Padrão)', 
    NULL, 'Parâmetros Centro (Padrão)', 'Controllership/ParametersDefault.aspx', 2, 'S', 
    TO_DATE('01/01/2018', 'DD/MM/YYYY'), NULL, NULL, 915, 31, 
    NULL, NULL, NULL, NULL, 'S');
Insert into CTF.ACAO
   (CD_ACAO, CD_SISTEMA, CD_USUARIO_INCLUSAO, CD_TIPO_ACAO, NO_PROGRAMA, 
    DS_PROGRAMA, DS_MENU, DS_ACAO, CD_ORDEM, IC_ATIVO, 
    DH_INCLUSAO, DH_ULT_ALTERACAO, CD_USUARIO_ALTERACAO, CD_ACAO_SUPERIOR, CD_SISTEMA_SUPERIOR, 
    CD_SIGLA, DS_RAIZ, SG_ACESSO_RAPIDO, DS_TELA, IC_EXIBIR)
 Values
   (933, 31, 1596, 2, 'Centro - Controladoria (Semana)', 
    NULL, 'Parâmetros Centro - Controladoria (Semana)', 'Controllership/Parameters.aspx', 3, 'S', 
    TO_DATE('01/01/2018', 'DD/MM/YYYY'), NULL, NULL, 915, 31, 
    NULL, NULL, NULL, NULL, 'S');
Insert into CTF.ACAO
   (CD_ACAO, CD_SISTEMA, CD_USUARIO_INCLUSAO, CD_TIPO_ACAO, NO_PROGRAMA, 
    DS_PROGRAMA, DS_MENU, DS_ACAO, CD_ORDEM, IC_ATIVO, 
    DH_INCLUSAO, DH_ULT_ALTERACAO, CD_USUARIO_ALTERACAO, CD_ACAO_SUPERIOR, CD_SISTEMA_SUPERIOR, 
    CD_SIGLA, DS_RAIZ, SG_ACESSO_RAPIDO, DS_TELA, IC_EXIBIR)
 Values
   (934, 31, 1596, 2, 'Agendamento', 
    NULL, 'Agendamento', NULL, 2, 'S', 
    TO_DATE('01/01/2018', 'DD/MM/YYYY'), NULL, NULL, 911, 31, 
    NULL, NULL, NULL, NULL, 'S');
Insert into CTF.ACAO
   (CD_ACAO, CD_SISTEMA, CD_USUARIO_INCLUSAO, CD_TIPO_ACAO, NO_PROGRAMA, 
    DS_PROGRAMA, DS_MENU, DS_ACAO, CD_ORDEM, IC_ATIVO, 
    DH_INCLUSAO, DH_ULT_ALTERACAO, CD_USUARIO_ALTERACAO, CD_ACAO_SUPERIOR, CD_SISTEMA_SUPERIOR, 
    CD_SIGLA, DS_RAIZ, SG_ACESSO_RAPIDO, DS_TELA, IC_EXIBIR)
 Values
   (935, 31, 1596, 2, 'Agendamento Semanal', 
    NULL, 'Agendamento Semanal', 'Scheduling/Scheduling.aspx', 1, 'S', 
    TO_DATE('01/01/2018', 'DD/MM/YYYY'), NULL, NULL, 934, 31, 
    NULL, NULL, NULL, NULL, 'S');
Insert into CTF.ACAO
   (CD_ACAO, CD_SISTEMA, CD_USUARIO_INCLUSAO, CD_TIPO_ACAO, NO_PROGRAMA, 
    DS_PROGRAMA, DS_MENU, DS_ACAO, CD_ORDEM, IC_ATIVO, 
    DH_INCLUSAO, DH_ULT_ALTERACAO, CD_USUARIO_ALTERACAO, CD_ACAO_SUPERIOR, CD_SISTEMA_SUPERIOR, 
    CD_SIGLA, DS_RAIZ, SG_ACESSO_RAPIDO, DS_TELA, IC_EXIBIR)
 Values
   (936, 31, 1596, 2, 'Report', 
    NULL, 'Report', NULL, 2, 'S', 
    TO_DATE('01/01/2018', 'DD/MM/YYYY'), NULL, NULL, 934, 31, 
    NULL, NULL, NULL, NULL, 'S');
Insert into CTF.ACAO
   (CD_ACAO, CD_SISTEMA, CD_USUARIO_INCLUSAO, CD_TIPO_ACAO, NO_PROGRAMA, 
    DS_PROGRAMA, DS_MENU, DS_ACAO, CD_ORDEM, IC_ATIVO, 
    DH_INCLUSAO, DH_ULT_ALTERACAO, CD_USUARIO_ALTERACAO, CD_ACAO_SUPERIOR, CD_SISTEMA_SUPERIOR, 
    CD_SIGLA, DS_RAIZ, SG_ACESSO_RAPIDO, DS_TELA, IC_EXIBIR)
 Values
   (937, 31, 1596, 2, 'Volume', 
    NULL, 'Volume', 'Scheduling/ReportVolume.aspx', 1, 'S', 
    TO_DATE('01/01/2018', 'DD/MM/YYYY'), NULL, NULL, 936, 31, 
    NULL, NULL, NULL, NULL, 'S');
Insert into CTF.ACAO
   (CD_ACAO, CD_SISTEMA, CD_USUARIO_INCLUSAO, CD_TIPO_ACAO, NO_PROGRAMA, 
    DS_PROGRAMA, DS_MENU, DS_ACAO, CD_ORDEM, IC_ATIVO, 
    DH_INCLUSAO, DH_ULT_ALTERACAO, CD_USUARIO_ALTERACAO, CD_ACAO_SUPERIOR, CD_SISTEMA_SUPERIOR, 
    CD_SIGLA, DS_RAIZ, SG_ACESSO_RAPIDO, DS_TELA, IC_EXIBIR)
 Values
   (938, 31, 1596, 2, 'Supervisores', 
    NULL, 'Supervisores', 'Scheduling/ReportSupervisor.aspx', 2, 'S', 
    TO_DATE('01/01/2018', 'DD/MM/YYYY'), NULL, NULL, 936, 31, 
    NULL, NULL, NULL, NULL, 'S');
Insert into CTF.ACAO
   (CD_ACAO, CD_SISTEMA, CD_USUARIO_INCLUSAO, CD_TIPO_ACAO, NO_PROGRAMA, 
    DS_PROGRAMA, DS_MENU, DS_ACAO, CD_ORDEM, IC_ATIVO, 
    DH_INCLUSAO, DH_ULT_ALTERACAO, CD_USUARIO_ALTERACAO, CD_ACAO_SUPERIOR, CD_SISTEMA_SUPERIOR, 
    CD_SIGLA, DS_RAIZ, SG_ACESSO_RAPIDO, DS_TELA, IC_EXIBIR)
 Values
   (939, 31, 1596, 2, 'Cota Mat. Prima', 
    NULL, 'Cota Mat. Prima', NULL, 3, 'S', 
    TO_DATE('01/01/2018', 'DD/MM/YYYY'), NULL, NULL, 936, 31, 
    NULL, NULL, NULL, NULL, 'S');
Insert into CTF.ACAO
   (CD_ACAO, CD_SISTEMA, CD_USUARIO_INCLUSAO, CD_TIPO_ACAO, NO_PROGRAMA, 
    DS_PROGRAMA, DS_MENU, DS_ACAO, CD_ORDEM, IC_ATIVO, 
    DH_INCLUSAO, DH_ULT_ALTERACAO, CD_USUARIO_ALTERACAO, CD_ACAO_SUPERIOR, CD_SISTEMA_SUPERIOR, 
    CD_SIGLA, DS_RAIZ, SG_ACESSO_RAPIDO, DS_TELA, IC_EXIBIR)
 Values
   (940, 31, 1596, 2, 'Balanceamento de Centro', 
    NULL, 'Balanceamento de Centro', 'Scheduling/ReportBalanceamento.aspx', 4, 'S', 
    TO_DATE('01/01/2018', 'DD/MM/YYYY'), NULL, NULL, 936, 31, 
    NULL, NULL, NULL, NULL, 'S');
Insert into CTF.ACAO
   (CD_ACAO, CD_SISTEMA, CD_USUARIO_INCLUSAO, CD_TIPO_ACAO, NO_PROGRAMA, 
    DS_PROGRAMA, DS_MENU, DS_ACAO, CD_ORDEM, IC_ATIVO, 
    DH_INCLUSAO, DH_ULT_ALTERACAO, CD_USUARIO_ALTERACAO, CD_ACAO_SUPERIOR, CD_SISTEMA_SUPERIOR, 
    CD_SIGLA, DS_RAIZ, SG_ACESSO_RAPIDO, DS_TELA, IC_EXIBIR)
 Values
   (941, 31, 1596, 2, 'Visão Final', 
    NULL, 'Visão Final', 'Scheduling/ReportFinalView.aspx', 5, 'S', 
    TO_DATE('01/01/2018', 'DD/MM/YYYY'), NULL, NULL, 936, 31, 
    NULL, NULL, NULL, NULL, 'S');
Insert into CTF.ACAO
   (CD_ACAO, CD_SISTEMA, CD_USUARIO_INCLUSAO, CD_TIPO_ACAO, NO_PROGRAMA, 
    DS_PROGRAMA, DS_MENU, DS_ACAO, CD_ORDEM, IC_ATIVO, 
    DH_INCLUSAO, DH_ULT_ALTERACAO, CD_USUARIO_ALTERACAO, CD_ACAO_SUPERIOR, CD_SISTEMA_SUPERIOR, 
    CD_SIGLA, DS_RAIZ, SG_ACESSO_RAPIDO, DS_TELA, IC_EXIBIR)
 Values
   (942, 31, 1596, 2, 'Agrupamento MP', 
    NULL, 'Agrupamento MP', 'RawMaterial/RawMaterial.aspx', 1, 'S', 
    TO_DATE('01/01/2018', 'DD/MM/YYYY'), NULL, NULL, 939, 31, 
    NULL, NULL, NULL, NULL, 'S');
Insert into CTF.ACAO
   (CD_ACAO, CD_SISTEMA, CD_USUARIO_INCLUSAO, CD_TIPO_ACAO, NO_PROGRAMA, 
    DS_PROGRAMA, DS_MENU, DS_ACAO, CD_ORDEM, IC_ATIVO, 
    DH_INCLUSAO, DH_ULT_ALTERACAO, CD_USUARIO_ALTERACAO, CD_ACAO_SUPERIOR, CD_SISTEMA_SUPERIOR, 
    CD_SIGLA, DS_RAIZ, SG_ACESSO_RAPIDO, DS_TELA, IC_EXIBIR)
 Values
   (943, 31, 1596, 2, 'Matriz de Materiais', 
    NULL, 'Matriz de Materiais', 'RawMaterial/RawMaterialMatrix.aspx', 2, 'S', 
    TO_DATE('01/01/2018', 'DD/MM/YYYY'), NULL, NULL, 939, 31, 
    NULL, NULL, NULL, NULL, 'S');
Insert into CTF.ACAO
   (CD_ACAO, CD_SISTEMA, CD_USUARIO_INCLUSAO, CD_TIPO_ACAO, NO_PROGRAMA, 
    DS_PROGRAMA, DS_MENU, DS_ACAO, CD_ORDEM, IC_ATIVO, 
    DH_INCLUSAO, DH_ULT_ALTERACAO, CD_USUARIO_ALTERACAO, CD_ACAO_SUPERIOR, CD_SISTEMA_SUPERIOR, 
    CD_SIGLA, DS_RAIZ, SG_ACESSO_RAPIDO, DS_TELA, IC_EXIBIR)
 Values
   (944, 31, 1596, 2, 'Matriz', 
    NULL, 'Matriz', 'RawMaterial/MatrixBOM.aspx', 3, 'S', 
    TO_DATE('01/01/2018', 'DD/MM/YYYY'), NULL, NULL, 939, 31, 
    NULL, NULL, NULL, NULL, 'S');
Insert into CTF.ACAO
   (CD_ACAO, CD_SISTEMA, CD_USUARIO_INCLUSAO, CD_TIPO_ACAO, NO_PROGRAMA, 
    DS_PROGRAMA, DS_MENU, DS_ACAO, CD_ORDEM, IC_ATIVO, 
    DH_INCLUSAO, DH_ULT_ALTERACAO, CD_USUARIO_ALTERACAO, CD_ACAO_SUPERIOR, CD_SISTEMA_SUPERIOR, 
    CD_SIGLA, DS_RAIZ, SG_ACESSO_RAPIDO, DS_TELA, IC_EXIBIR)
 Values
   (945, 31, 1596, 2, 'Relatório', 
    NULL, 'Relatório', 'RawMaterial/RawMaterialCota.aspx', 4, 'S', 
    TO_DATE('01/01/2018', 'DD/MM/YYYY'), NULL, NULL, 939, 31, 
    NULL, NULL, NULL, NULL, 'S');
Insert into CTF.ACAO
   (CD_ACAO, CD_SISTEMA, CD_USUARIO_INCLUSAO, CD_TIPO_ACAO, NO_PROGRAMA, 
    DS_PROGRAMA, DS_MENU, DS_ACAO, CD_ORDEM, IC_ATIVO, 
    DH_INCLUSAO, DH_ULT_ALTERACAO, CD_USUARIO_ALTERACAO, CD_ACAO_SUPERIOR, CD_SISTEMA_SUPERIOR, 
    CD_SIGLA, DS_RAIZ, SG_ACESSO_RAPIDO, DS_TELA, IC_EXIBIR)
 Values
   (946, 31, 1596, 2, 'Customer Service', 
    NULL, 'Customer Service', NULL, 3, 'S', 
    TO_DATE('01/01/2018', 'DD/MM/YYYY'), NULL, NULL, 911, 31, 
    NULL, NULL, NULL, NULL, 'S');
Insert into CTF.ACAO
   (CD_ACAO, CD_SISTEMA, CD_USUARIO_INCLUSAO, CD_TIPO_ACAO, NO_PROGRAMA, 
    DS_PROGRAMA, DS_MENU, DS_ACAO, CD_ORDEM, IC_ATIVO, 
    DH_INCLUSAO, DH_ULT_ALTERACAO, CD_USUARIO_ALTERACAO, CD_ACAO_SUPERIOR, CD_SISTEMA_SUPERIOR, 
    CD_SIGLA, DS_RAIZ, SG_ACESSO_RAPIDO, DS_TELA, IC_EXIBIR)
 Values
   (947, 31, 1596, 2, 'Fábrica', 
    NULL, 'Fábrica', 'Factory/CustumerServiceParameter.aspx', 1, 'S', 
    TO_DATE('01/01/2018', 'DD/MM/YYYY'), NULL, NULL, 946, 31, 
    NULL, NULL, NULL, NULL, 'S');
Insert into CTF.ACAO
   (CD_ACAO, CD_SISTEMA, CD_USUARIO_INCLUSAO, CD_TIPO_ACAO, NO_PROGRAMA, 
    DS_PROGRAMA, DS_MENU, DS_ACAO, CD_ORDEM, IC_ATIVO, 
    DH_INCLUSAO, DH_ULT_ALTERACAO, CD_USUARIO_ALTERACAO, CD_ACAO_SUPERIOR, CD_SISTEMA_SUPERIOR, 
    CD_SIGLA, DS_RAIZ, SG_ACESSO_RAPIDO, DS_TELA, IC_EXIBIR)
 Values
   (948, 31, 1596, 2, 'Cel. Atendimento', 
    NULL, 'Cel. Atendimento', 'CellofAttendance/CellAttendance.aspx', 2, 'S', 
    TO_DATE('01/01/2018', 'DD/MM/YYYY'), NULL, NULL, 946, 31, 
    NULL, NULL, NULL, NULL, 'S');
Insert into CTF.ACAO
   (CD_ACAO, CD_SISTEMA, CD_USUARIO_INCLUSAO, CD_TIPO_ACAO, NO_PROGRAMA, 
    DS_PROGRAMA, DS_MENU, DS_ACAO, CD_ORDEM, IC_ATIVO, 
    DH_INCLUSAO, DH_ULT_ALTERACAO, CD_USUARIO_ALTERACAO, CD_ACAO_SUPERIOR, CD_SISTEMA_SUPERIOR, 
    CD_SIGLA, DS_RAIZ, SG_ACESSO_RAPIDO, DS_TELA, IC_EXIBIR)
 Values
   (949, 31, 1596, 2, 'Torre de Fretes', 
    NULL, 'Torre de Fretes', NULL, 4, 'S', 
    TO_DATE('01/01/2018', 'DD/MM/YYYY'), NULL, NULL, 911, 31, 
    NULL, NULL, NULL, NULL, 'S');
Insert into CTF.ACAO
   (CD_ACAO, CD_SISTEMA, CD_USUARIO_INCLUSAO, CD_TIPO_ACAO, NO_PROGRAMA, 
    DS_PROGRAMA, DS_MENU, DS_ACAO, CD_ORDEM, IC_ATIVO, 
    DH_INCLUSAO, DH_ULT_ALTERACAO, CD_USUARIO_ALTERACAO, CD_ACAO_SUPERIOR, CD_SISTEMA_SUPERIOR, 
    CD_SIGLA, DS_RAIZ, SG_ACESSO_RAPIDO, DS_TELA, IC_EXIBIR)
 Values
   (950, 31, 1596, 2, 'Exibição', 
    NULL, 'Exibição', 'FreightTower/ViewSelecaoTF.aspx', 1, 'S', 
    TO_DATE('01/01/2018', 'DD/MM/YYYY'), NULL, NULL, 949, 31, 
    NULL, NULL, NULL, NULL, 'S');
Insert into CTF.ACAO
   (CD_ACAO, CD_SISTEMA, CD_USUARIO_INCLUSAO, CD_TIPO_ACAO, NO_PROGRAMA, 
    DS_PROGRAMA, DS_MENU, DS_ACAO, CD_ORDEM, IC_ATIVO, 
    DH_INCLUSAO, DH_ULT_ALTERACAO, CD_USUARIO_ALTERACAO, CD_ACAO_SUPERIOR, CD_SISTEMA_SUPERIOR, 
    CD_SIGLA, DS_RAIZ, SG_ACESSO_RAPIDO, DS_TELA, IC_EXIBIR)
 Values
   (951, 31, 1596, 2, 'Modificação', 
    NULL, 'Modificação', 'FreightTower/Default.aspx', 2, 'S', 
    TO_DATE('01/01/2018', 'DD/MM/YYYY'), NULL, NULL, 949, 31, 
    NULL, NULL, NULL, NULL, 'S');
Insert into CTF.ACAO
   (CD_ACAO, CD_SISTEMA, CD_USUARIO_INCLUSAO, CD_TIPO_ACAO, NO_PROGRAMA, 
    DS_PROGRAMA, DS_MENU, DS_ACAO, CD_ORDEM, IC_ATIVO, 
    DH_INCLUSAO, DH_ULT_ALTERACAO, CD_USUARIO_ALTERACAO, CD_ACAO_SUPERIOR, CD_SISTEMA_SUPERIOR, 
    CD_SIGLA, DS_RAIZ, SG_ACESSO_RAPIDO, DS_TELA, IC_EXIBIR)
 Values
   (952, 31, 1596, 2, 'Controladoria', 
    NULL, 'Controladoria', NULL, 5, 'S', 
    TO_DATE('01/01/2018', 'DD/MM/YYYY'), NULL, NULL, 911, 31, 
    NULL, NULL, NULL, NULL, 'S');
Insert into CTF.ACAO
   (CD_ACAO, CD_SISTEMA, CD_USUARIO_INCLUSAO, CD_TIPO_ACAO, NO_PROGRAMA, 
    DS_PROGRAMA, DS_MENU, DS_ACAO, CD_ORDEM, IC_ATIVO, 
    DH_INCLUSAO, DH_ULT_ALTERACAO, CD_USUARIO_ALTERACAO, CD_ACAO_SUPERIOR, CD_SISTEMA_SUPERIOR, 
    CD_SIGLA, DS_RAIZ, SG_ACESSO_RAPIDO, DS_TELA, IC_EXIBIR)
 Values
   (953, 31, 1596, 2, 'Matinal', 
    NULL, 'Matinal', 'Controllership/Matinal.aspx', 1, 'S', 
    TO_DATE('01/01/2018', 'DD/MM/YYYY'), NULL, NULL, 952, 31, 
    NULL, NULL, NULL, NULL, 'S');
Insert into CTF.ACAO
   (CD_ACAO, CD_SISTEMA, CD_USUARIO_INCLUSAO, CD_TIPO_ACAO, NO_PROGRAMA, 
    DS_PROGRAMA, DS_MENU, DS_ACAO, CD_ORDEM, IC_ATIVO, 
    DH_INCLUSAO, DH_ULT_ALTERACAO, CD_USUARIO_ALTERACAO, CD_ACAO_SUPERIOR, CD_SISTEMA_SUPERIOR, 
    CD_SIGLA, DS_RAIZ, SG_ACESSO_RAPIDO, DS_TELA, IC_EXIBIR)
 Values
   (954, 31, 1596, 2, 'Planejamento', 
    NULL, 'Planejamento', 'Controllership/Planning.aspx', 2, 'S', 
    TO_DATE('01/01/2018', 'DD/MM/YYYY'), NULL, NULL, 952, 31, 
    NULL, NULL, NULL, NULL, 'S');
Insert into CTF.ACAO
   (CD_ACAO, CD_SISTEMA, CD_USUARIO_INCLUSAO, CD_TIPO_ACAO, NO_PROGRAMA, 
    DS_PROGRAMA, DS_MENU, DS_ACAO, CD_ORDEM, IC_ATIVO, 
    DH_INCLUSAO, DH_ULT_ALTERACAO, CD_USUARIO_ALTERACAO, CD_ACAO_SUPERIOR, CD_SISTEMA_SUPERIOR, 
    CD_SIGLA, DS_RAIZ, SG_ACESSO_RAPIDO, DS_TELA, IC_EXIBIR)
 Values
   (955, 31, 1596, 2, 'Marcação', 
    NULL, 'Marcação', 'Controllership/Default.aspx', 3, 'S', 
    TO_DATE('01/01/2018', 'DD/MM/YYYY'), NULL, NULL, 952, 31, 
    NULL, NULL, NULL, NULL, 'S');
Insert into CTF.ACAO
   (CD_ACAO, CD_SISTEMA, CD_USUARIO_INCLUSAO, CD_TIPO_ACAO, NO_PROGRAMA, 
    DS_PROGRAMA, DS_MENU, DS_ACAO, CD_ORDEM, IC_ATIVO, 
    DH_INCLUSAO, DH_ULT_ALTERACAO, CD_USUARIO_ALTERACAO, CD_ACAO_SUPERIOR, CD_SISTEMA_SUPERIOR, 
    CD_SIGLA, DS_RAIZ, SG_ACESSO_RAPIDO, DS_TELA, IC_EXIBIR)
 Values
   (956, 31, 1596, 2, 'Report', 
    NULL, 'Report', NULL, 6, 'S', 
    TO_DATE('01/01/2018', 'DD/MM/YYYY'), NULL, NULL, 911, 31, 
    NULL, NULL, NULL, NULL, 'S');
Insert into CTF.ACAO
   (CD_ACAO, CD_SISTEMA, CD_USUARIO_INCLUSAO, CD_TIPO_ACAO, NO_PROGRAMA, 
    DS_PROGRAMA, DS_MENU, DS_ACAO, CD_ORDEM, IC_ATIVO, 
    DH_INCLUSAO, DH_ULT_ALTERACAO, CD_USUARIO_ALTERACAO, CD_ACAO_SUPERIOR, CD_SISTEMA_SUPERIOR, 
    CD_SIGLA, DS_RAIZ, SG_ACESSO_RAPIDO, DS_TELA, IC_EXIBIR)
 Values
   (957, 31, 1596, 2, 'Planejado x Realizado', 
    NULL, 'Planejado x Realizado', 'Reports/Default.aspx', 1, 'S', 
    TO_DATE('01/01/2018', 'DD/MM/YYYY'), NULL, NULL, 956, 31, 
    NULL, NULL, NULL, NULL, 'S');
Insert into CTF.ACAO
   (CD_ACAO, CD_SISTEMA, CD_USUARIO_INCLUSAO, CD_TIPO_ACAO, NO_PROGRAMA, 
    DS_PROGRAMA, DS_MENU, DS_ACAO, CD_ORDEM, IC_ATIVO, 
    DH_INCLUSAO, DH_ULT_ALTERACAO, CD_USUARIO_ALTERACAO, CD_ACAO_SUPERIOR, CD_SISTEMA_SUPERIOR, 
    CD_SIGLA, DS_RAIZ, SG_ACESSO_RAPIDO, DS_TELA, IC_EXIBIR)
 Values
   (958, 31, 1596, 2, 'Motivos Marcação', 
    NULL, 'Motivos Marcação', NULL, 2, 'S', 
    TO_DATE('01/01/2018', 'DD/MM/YYYY'), NULL, NULL, 956, 31, 
    NULL, NULL, NULL, NULL, 'S');
Insert into CTF.ACAO
   (CD_ACAO, CD_SISTEMA, CD_USUARIO_INCLUSAO, CD_TIPO_ACAO, NO_PROGRAMA, 
    DS_PROGRAMA, DS_MENU, DS_ACAO, CD_ORDEM, IC_ATIVO, 
    DH_INCLUSAO, DH_ULT_ALTERACAO, CD_USUARIO_ALTERACAO, CD_ACAO_SUPERIOR, CD_SISTEMA_SUPERIOR, 
    CD_SIGLA, DS_RAIZ, SG_ACESSO_RAPIDO, DS_TELA, IC_EXIBIR)
 Values
   (959, 31, 1596, 2, 'Agendamento x Capacidade Fábrica', 
    NULL, 'Agendamento x Capacidade Fábrica', 'Reports/CapacityReport.aspx', 3, 'S', 
    TO_DATE('01/01/2018', 'DD/MM/YYYY'), NULL, NULL, 956, 31, 
    NULL, NULL, NULL, NULL, 'S');
Insert into CTF.ACAO
   (CD_ACAO, CD_SISTEMA, CD_USUARIO_INCLUSAO, CD_TIPO_ACAO, NO_PROGRAMA, 
    DS_PROGRAMA, DS_MENU, DS_ACAO, CD_ORDEM, IC_ATIVO, 
    DH_INCLUSAO, DH_ULT_ALTERACAO, CD_USUARIO_ALTERACAO, CD_ACAO_SUPERIOR, CD_SISTEMA_SUPERIOR, 
    CD_SIGLA, DS_RAIZ, SG_ACESSO_RAPIDO, DS_TELA, IC_EXIBIR)
 Values
   (960, 31, 1596, 2, 'KPIs', 
    NULL, 'KPIs', NULL, 4, 'S', 
    TO_DATE('01/01/2018', 'DD/MM/YYYY'), NULL, NULL, 956, 31, 
    NULL, NULL, NULL, NULL, 'S');
Insert into CTF.ACAO
   (CD_ACAO, CD_SISTEMA, CD_USUARIO_INCLUSAO, CD_TIPO_ACAO, NO_PROGRAMA, 
    DS_PROGRAMA, DS_MENU, DS_ACAO, CD_ORDEM, IC_ATIVO, 
    DH_INCLUSAO, DH_ULT_ALTERACAO, CD_USUARIO_ALTERACAO, CD_ACAO_SUPERIOR, CD_SISTEMA_SUPERIOR, 
    CD_SIGLA, DS_RAIZ, SG_ACESSO_RAPIDO, DS_TELA, IC_EXIBIR)
 Values
   (961, 31, 1596, 2, 'Matinal', 
    NULL, 'Matinal', 'Matinal/MatinalFiltro.aspx', 1, 'S', 
    TO_DATE('01/01/2018', 'DD/MM/YYYY'), NULL, NULL, 960, 31, 
    NULL, NULL, NULL, NULL, 'S');
Insert into CTF.ACAO
   (CD_ACAO, CD_SISTEMA, CD_USUARIO_INCLUSAO, CD_TIPO_ACAO, NO_PROGRAMA, 
    DS_PROGRAMA, DS_MENU, DS_ACAO, CD_ORDEM, IC_ATIVO, 
    DH_INCLUSAO, DH_ULT_ALTERACAO, CD_USUARIO_ALTERACAO, CD_ACAO_SUPERIOR, CD_SISTEMA_SUPERIOR, 
    CD_SIGLA, DS_RAIZ, SG_ACESSO_RAPIDO, DS_TELA, IC_EXIBIR)
 Values
   (962, 31, 1596, 2, 'Semanal', 
    NULL, 'Semanal', 'Semanal/SemanalFiltro.aspx', 2, 'S', 
    TO_DATE('01/01/2018', 'DD/MM/YYYY'), NULL, NULL, 960, 31, 
    NULL, NULL, NULL, NULL, 'S');
Insert into CTF.ACAO
   (CD_ACAO, CD_SISTEMA, CD_USUARIO_INCLUSAO, CD_TIPO_ACAO, NO_PROGRAMA, 
    DS_PROGRAMA, DS_MENU, DS_ACAO, CD_ORDEM, IC_ATIVO, 
    DH_INCLUSAO, DH_ULT_ALTERACAO, CD_USUARIO_ALTERACAO, CD_ACAO_SUPERIOR, CD_SISTEMA_SUPERIOR, 
    CD_SIGLA, DS_RAIZ, SG_ACESSO_RAPIDO, DS_TELA, IC_EXIBIR)
 Values
   (963, 31, 1596, 2, 'Mensal', 
    NULL, 'Mensal', 'Mensal/MensalFiltro.aspx', 3, 'S', 
    TO_DATE('01/01/2018', 'DD/MM/YYYY'), NULL, NULL, 960, 31, 
    NULL, NULL, NULL, NULL, 'S');
COMMIT;



--------------------------------------PERFIL*ACAO---------------------------------------
SET DEFINE OFF;
Insert into CTF.PERFIL_ACAO
   (CD_PERFIL, CD_SISTEMA, CD_ACAO)
 Values
   (182, 31, 935);
Insert into CTF.PERFIL_ACAO
   (CD_PERFIL, CD_SISTEMA, CD_ACAO)
 Values
   (180, 31, 911);
Insert into CTF.PERFIL_ACAO
   (CD_PERFIL, CD_SISTEMA, CD_ACAO)
 Values
   (185, 31, 912);
Insert into CTF.PERFIL_ACAO
   (CD_PERFIL, CD_SISTEMA, CD_ACAO)
 Values
   (185, 31, 913);
Insert into CTF.PERFIL_ACAO
   (CD_PERFIL, CD_SISTEMA, CD_ACAO)
 Values
   (185, 31, 914);
Insert into CTF.PERFIL_ACAO
   (CD_PERFIL, CD_SISTEMA, CD_ACAO)
 Values
   (185, 31, 915);
Insert into CTF.PERFIL_ACAO
   (CD_PERFIL, CD_SISTEMA, CD_ACAO)
 Values
   (185, 31, 916);
Insert into CTF.PERFIL_ACAO
   (CD_PERFIL, CD_SISTEMA, CD_ACAO)
 Values
   (185, 31, 917);
Insert into CTF.PERFIL_ACAO
   (CD_PERFIL, CD_SISTEMA, CD_ACAO)
 Values
   (185, 31, 918);
Insert into CTF.PERFIL_ACAO
   (CD_PERFIL, CD_SISTEMA, CD_ACAO)
 Values
   (185, 31, 919);
Insert into CTF.PERFIL_ACAO
   (CD_PERFIL, CD_SISTEMA, CD_ACAO)
 Values
   (185, 31, 920);
Insert into CTF.PERFIL_ACAO
   (CD_PERFIL, CD_SISTEMA, CD_ACAO)
 Values
   (185, 31, 921);
Insert into CTF.PERFIL_ACAO
   (CD_PERFIL, CD_SISTEMA, CD_ACAO)
 Values
   (185, 31, 922);
Insert into CTF.PERFIL_ACAO
   (CD_PERFIL, CD_SISTEMA, CD_ACAO)
 Values
   (185, 31, 923);
Insert into CTF.PERFIL_ACAO
   (CD_PERFIL, CD_SISTEMA, CD_ACAO)
 Values
   (185, 31, 924);
Insert into CTF.PERFIL_ACAO
   (CD_PERFIL, CD_SISTEMA, CD_ACAO)
 Values
   (185, 31, 925);
Insert into CTF.PERFIL_ACAO
   (CD_PERFIL, CD_SISTEMA, CD_ACAO)
 Values
   (185, 31, 926);
Insert into CTF.PERFIL_ACAO
   (CD_PERFIL, CD_SISTEMA, CD_ACAO)
 Values
   (185, 31, 927);
Insert into CTF.PERFIL_ACAO
   (CD_PERFIL, CD_SISTEMA, CD_ACAO)
 Values
   (185, 31, 928);
Insert into CTF.PERFIL_ACAO
   (CD_PERFIL, CD_SISTEMA, CD_ACAO)
 Values
   (185, 31, 929);
Insert into CTF.PERFIL_ACAO
   (CD_PERFIL, CD_SISTEMA, CD_ACAO)
 Values
   (185, 31, 930);
Insert into CTF.PERFIL_ACAO
   (CD_PERFIL, CD_SISTEMA, CD_ACAO)
 Values
   (185, 31, 931);
Insert into CTF.PERFIL_ACAO
   (CD_PERFIL, CD_SISTEMA, CD_ACAO)
 Values
   (185, 31, 932);
Insert into CTF.PERFIL_ACAO
   (CD_PERFIL, CD_SISTEMA, CD_ACAO)
 Values
   (185, 31, 933);
Insert into CTF.PERFIL_ACAO
   (CD_PERFIL, CD_SISTEMA, CD_ACAO)
 Values
   (182, 31, 934);
Insert into CTF.PERFIL_ACAO
   (CD_PERFIL, CD_SISTEMA, CD_ACAO)
 Values
   (182, 31, 936);
Insert into CTF.PERFIL_ACAO
   (CD_PERFIL, CD_SISTEMA, CD_ACAO)
 Values
   (182, 31, 937);
Insert into CTF.PERFIL_ACAO
   (CD_PERFIL, CD_SISTEMA, CD_ACAO)
 Values
   (182, 31, 938);
Insert into CTF.PERFIL_ACAO
   (CD_PERFIL, CD_SISTEMA, CD_ACAO)
 Values
   (182, 31, 939);
Insert into CTF.PERFIL_ACAO
   (CD_PERFIL, CD_SISTEMA, CD_ACAO)
 Values
   (182, 31, 940);
Insert into CTF.PERFIL_ACAO
   (CD_PERFIL, CD_SISTEMA, CD_ACAO)
 Values
   (182, 31, 941);
Insert into CTF.PERFIL_ACAO
   (CD_PERFIL, CD_SISTEMA, CD_ACAO)
 Values
   (182, 31, 942);
Insert into CTF.PERFIL_ACAO
   (CD_PERFIL, CD_SISTEMA, CD_ACAO)
 Values
   (182, 31, 943);
Insert into CTF.PERFIL_ACAO
   (CD_PERFIL, CD_SISTEMA, CD_ACAO)
 Values
   (182, 31, 944);
Insert into CTF.PERFIL_ACAO
   (CD_PERFIL, CD_SISTEMA, CD_ACAO)
 Values
   (182, 31, 945);
Insert into CTF.PERFIL_ACAO
   (CD_PERFIL, CD_SISTEMA, CD_ACAO)
 Values
   (184, 31, 946);
Insert into CTF.PERFIL_ACAO
   (CD_PERFIL, CD_SISTEMA, CD_ACAO)
 Values
   (184, 31, 947);
Insert into CTF.PERFIL_ACAO
   (CD_PERFIL, CD_SISTEMA, CD_ACAO)
 Values
   (184, 31, 948);
Insert into CTF.PERFIL_ACAO
   (CD_PERFIL, CD_SISTEMA, CD_ACAO)
 Values
   (180, 31, 949);
Insert into CTF.PERFIL_ACAO
   (CD_PERFIL, CD_SISTEMA, CD_ACAO)
 Values
   (180, 31, 950);
Insert into CTF.PERFIL_ACAO
   (CD_PERFIL, CD_SISTEMA, CD_ACAO)
 Values
   (180, 31, 951);
Insert into CTF.PERFIL_ACAO
   (CD_PERFIL, CD_SISTEMA, CD_ACAO)
 Values
   (185, 31, 952);
Insert into CTF.PERFIL_ACAO
   (CD_PERFIL, CD_SISTEMA, CD_ACAO)
 Values
   (185, 31, 953);
Insert into CTF.PERFIL_ACAO
   (CD_PERFIL, CD_SISTEMA, CD_ACAO)
 Values
   (185, 31, 954);
Insert into CTF.PERFIL_ACAO
   (CD_PERFIL, CD_SISTEMA, CD_ACAO)
 Values
   (185, 31, 955);
Insert into CTF.PERFIL_ACAO
   (CD_PERFIL, CD_SISTEMA, CD_ACAO)
 Values
   (180, 31, 956);
Insert into CTF.PERFIL_ACAO
   (CD_PERFIL, CD_SISTEMA, CD_ACAO)
 Values
   (180, 31, 957);
Insert into CTF.PERFIL_ACAO
   (CD_PERFIL, CD_SISTEMA, CD_ACAO)
 Values
   (180, 31, 958);
Insert into CTF.PERFIL_ACAO
   (CD_PERFIL, CD_SISTEMA, CD_ACAO)
 Values
   (180, 31, 959);
Insert into CTF.PERFIL_ACAO
   (CD_PERFIL, CD_SISTEMA, CD_ACAO)
 Values
   (180, 31, 960);
Insert into CTF.PERFIL_ACAO
   (CD_PERFIL, CD_SISTEMA, CD_ACAO)
 Values
   (180, 31, 961);
Insert into CTF.PERFIL_ACAO
   (CD_PERFIL, CD_SISTEMA, CD_ACAO)
 Values
   (180, 31, 962);
Insert into CTF.PERFIL_ACAO
   (CD_PERFIL, CD_SISTEMA, CD_ACAO)
 Values
   (180, 31, 963);
Insert into CTF.PERFIL_ACAO
   (CD_PERFIL, CD_SISTEMA, CD_ACAO)
 Values
   (183, 31, 911);
Insert into CTF.PERFIL_ACAO
   (CD_PERFIL, CD_SISTEMA, CD_ACAO)
 Values
   (183, 31, 912);
Insert into CTF.PERFIL_ACAO
   (CD_PERFIL, CD_SISTEMA, CD_ACAO)
 Values
   (183, 31, 914);
Insert into CTF.PERFIL_ACAO
   (CD_PERFIL, CD_SISTEMA, CD_ACAO)
 Values
   (183, 31, 915);
Insert into CTF.PERFIL_ACAO
   (CD_PERFIL, CD_SISTEMA, CD_ACAO)
 Values
   (183, 31, 930);
Insert into CTF.PERFIL_ACAO
   (CD_PERFIL, CD_SISTEMA, CD_ACAO)
 Values
   (183, 31, 931);
Insert into CTF.PERFIL_ACAO
   (CD_PERFIL, CD_SISTEMA, CD_ACAO)
 Values
   (183, 31, 932);
Insert into CTF.PERFIL_ACAO
   (CD_PERFIL, CD_SISTEMA, CD_ACAO)
 Values
   (183, 31, 933);
Insert into CTF.PERFIL_ACAO
   (CD_PERFIL, CD_SISTEMA, CD_ACAO)
 Values
   (185, 31, 934);
Insert into CTF.PERFIL_ACAO
   (CD_PERFIL, CD_SISTEMA, CD_ACAO)
 Values
   (185, 31, 935);
Insert into CTF.PERFIL_ACAO
   (CD_PERFIL, CD_SISTEMA, CD_ACAO)
 Values
   (185, 31, 936);
Insert into CTF.PERFIL_ACAO
   (CD_PERFIL, CD_SISTEMA, CD_ACAO)
 Values
   (185, 31, 937);
Insert into CTF.PERFIL_ACAO
   (CD_PERFIL, CD_SISTEMA, CD_ACAO)
 Values
   (185, 31, 938);
Insert into CTF.PERFIL_ACAO
   (CD_PERFIL, CD_SISTEMA, CD_ACAO)
 Values
   (185, 31, 939);
Insert into CTF.PERFIL_ACAO
   (CD_PERFIL, CD_SISTEMA, CD_ACAO)
 Values
   (186, 31, 940);
Insert into CTF.PERFIL_ACAO
   (CD_PERFIL, CD_SISTEMA, CD_ACAO)
 Values
   (185, 31, 941);
Insert into CTF.PERFIL_ACAO
   (CD_PERFIL, CD_SISTEMA, CD_ACAO)
 Values
   (185, 31, 942);
Insert into CTF.PERFIL_ACAO
   (CD_PERFIL, CD_SISTEMA, CD_ACAO)
 Values
   (185, 31, 943);
Insert into CTF.PERFIL_ACAO
   (CD_PERFIL, CD_SISTEMA, CD_ACAO)
 Values
   (185, 31, 944);
Insert into CTF.PERFIL_ACAO
   (CD_PERFIL, CD_SISTEMA, CD_ACAO)
 Values
   (185, 31, 945);
Insert into CTF.PERFIL_ACAO
   (CD_PERFIL, CD_SISTEMA, CD_ACAO)
 Values
   (185, 31, 946);
Insert into CTF.PERFIL_ACAO
   (CD_PERFIL, CD_SISTEMA, CD_ACAO)
 Values
   (185, 31, 947);
Insert into CTF.PERFIL_ACAO
   (CD_PERFIL, CD_SISTEMA, CD_ACAO)
 Values
   (185, 31, 948);
Insert into CTF.PERFIL_ACAO
   (CD_PERFIL, CD_SISTEMA, CD_ACAO)
 Values
   (183, 31, 952);
Insert into CTF.PERFIL_ACAO
   (CD_PERFIL, CD_SISTEMA, CD_ACAO)
 Values
   (183, 31, 953);
Insert into CTF.PERFIL_ACAO
   (CD_PERFIL, CD_SISTEMA, CD_ACAO)
 Values
   (183, 31, 954);
Insert into CTF.PERFIL_ACAO
   (CD_PERFIL, CD_SISTEMA, CD_ACAO)
 Values
   (183, 31, 955);
Insert into CTF.PERFIL_ACAO
   (CD_PERFIL, CD_SISTEMA, CD_ACAO)
 Values
   (186, 31, 956);
Insert into CTF.PERFIL_ACAO
   (CD_PERFIL, CD_SISTEMA, CD_ACAO)
 Values
   (186, 31, 957);
Insert into CTF.PERFIL_ACAO
   (CD_PERFIL, CD_SISTEMA, CD_ACAO)
 Values
   (186, 31, 960);
Insert into CTF.PERFIL_ACAO
   (CD_PERFIL, CD_SISTEMA, CD_ACAO)
 Values
   (186, 31, 961);
Insert into CTF.PERFIL_ACAO
   (CD_PERFIL, CD_SISTEMA, CD_ACAO)
 Values
   (186, 31, 962);
Insert into CTF.PERFIL_ACAO
   (CD_PERFIL, CD_SISTEMA, CD_ACAO)
 Values
   (186, 31, 963);
Insert into CTF.PERFIL_ACAO
   (CD_PERFIL, CD_SISTEMA, CD_ACAO)
 Values
   (184, 31, 911);
Insert into CTF.PERFIL_ACAO
   (CD_PERFIL, CD_SISTEMA, CD_ACAO)
 Values
   (184, 31, 934);
Insert into CTF.PERFIL_ACAO
   (CD_PERFIL, CD_SISTEMA, CD_ACAO)
 Values
   (184, 31, 936);
Insert into CTF.PERFIL_ACAO
   (CD_PERFIL, CD_SISTEMA, CD_ACAO)
 Values
   (184, 31, 937);
Insert into CTF.PERFIL_ACAO
   (CD_PERFIL, CD_SISTEMA, CD_ACAO)
 Values
   (184, 31, 938);
Insert into CTF.PERFIL_ACAO
   (CD_PERFIL, CD_SISTEMA, CD_ACAO)
 Values
   (184, 31, 939);
Insert into CTF.PERFIL_ACAO
   (CD_PERFIL, CD_SISTEMA, CD_ACAO)
 Values
   (184, 31, 941);
Insert into CTF.PERFIL_ACAO
   (CD_PERFIL, CD_SISTEMA, CD_ACAO)
 Values
   (184, 31, 942);
Insert into CTF.PERFIL_ACAO
   (CD_PERFIL, CD_SISTEMA, CD_ACAO)
 Values
   (184, 31, 943);
Insert into CTF.PERFIL_ACAO
   (CD_PERFIL, CD_SISTEMA, CD_ACAO)
 Values
   (184, 31, 944);
Insert into CTF.PERFIL_ACAO
   (CD_PERFIL, CD_SISTEMA, CD_ACAO)
 Values
   (184, 31, 945);
Insert into CTF.PERFIL_ACAO
   (CD_PERFIL, CD_SISTEMA, CD_ACAO)
 Values
   (187, 31, 952);
Insert into CTF.PERFIL_ACAO
   (CD_PERFIL, CD_SISTEMA, CD_ACAO)
 Values
   (187, 31, 954);
Insert into CTF.PERFIL_ACAO
   (CD_PERFIL, CD_SISTEMA, CD_ACAO)
 Values
   (187, 31, 955);
Insert into CTF.PERFIL_ACAO
   (CD_PERFIL, CD_SISTEMA, CD_ACAO)
 Values
   (185, 31, 956);
Insert into CTF.PERFIL_ACAO
   (CD_PERFIL, CD_SISTEMA, CD_ACAO)
 Values
   (185, 31, 957);
Insert into CTF.PERFIL_ACAO
   (CD_PERFIL, CD_SISTEMA, CD_ACAO)
 Values
   (185, 31, 958);
Insert into CTF.PERFIL_ACAO
   (CD_PERFIL, CD_SISTEMA, CD_ACAO)
 Values
   (185, 31, 959);
Insert into CTF.PERFIL_ACAO
   (CD_PERFIL, CD_SISTEMA, CD_ACAO)
 Values
   (185, 31, 960);
Insert into CTF.PERFIL_ACAO
   (CD_PERFIL, CD_SISTEMA, CD_ACAO)
 Values
   (185, 31, 961);
Insert into CTF.PERFIL_ACAO
   (CD_PERFIL, CD_SISTEMA, CD_ACAO)
 Values
   (185, 31, 962);
Insert into CTF.PERFIL_ACAO
   (CD_PERFIL, CD_SISTEMA, CD_ACAO)
 Values
   (185, 31, 963);
Insert into CTF.PERFIL_ACAO
   (CD_PERFIL, CD_SISTEMA, CD_ACAO)
 Values
   (185, 31, 911);
Insert into CTF.PERFIL_ACAO
   (CD_PERFIL, CD_SISTEMA, CD_ACAO)
 Values
   (184, 31, 956);
Insert into CTF.PERFIL_ACAO
   (CD_PERFIL, CD_SISTEMA, CD_ACAO)
 Values
   (184, 31, 959);
Insert into CTF.PERFIL_ACAO
   (CD_PERFIL, CD_SISTEMA, CD_ACAO)
 Values
   (184, 31, 960);
Insert into CTF.PERFIL_ACAO
   (CD_PERFIL, CD_SISTEMA, CD_ACAO)
 Values
   (184, 31, 961);
Insert into CTF.PERFIL_ACAO
   (CD_PERFIL, CD_SISTEMA, CD_ACAO)
 Values
   (184, 31, 962);
Insert into CTF.PERFIL_ACAO
   (CD_PERFIL, CD_SISTEMA, CD_ACAO)
 Values
   (184, 31, 963);
Insert into CTF.PERFIL_ACAO
   (CD_PERFIL, CD_SISTEMA, CD_ACAO)
 Values
   (186, 31, 911);
Insert into CTF.PERFIL_ACAO
   (CD_PERFIL, CD_SISTEMA, CD_ACAO)
 Values
   (183, 31, 956);
Insert into CTF.PERFIL_ACAO
   (CD_PERFIL, CD_SISTEMA, CD_ACAO)
 Values
   (183, 31, 957);
Insert into CTF.PERFIL_ACAO
   (CD_PERFIL, CD_SISTEMA, CD_ACAO)
 Values
   (183, 31, 958);
Insert into CTF.PERFIL_ACAO
   (CD_PERFIL, CD_SISTEMA, CD_ACAO)
 Values
   (183, 31, 959);
Insert into CTF.PERFIL_ACAO
   (CD_PERFIL, CD_SISTEMA, CD_ACAO)
 Values
   (183, 31, 960);
Insert into CTF.PERFIL_ACAO
   (CD_PERFIL, CD_SISTEMA, CD_ACAO)
 Values
   (183, 31, 961);
Insert into CTF.PERFIL_ACAO
   (CD_PERFIL, CD_SISTEMA, CD_ACAO)
 Values
   (183, 31, 962);
Insert into CTF.PERFIL_ACAO
   (CD_PERFIL, CD_SISTEMA, CD_ACAO)
 Values
   (183, 31, 963);
Insert into CTF.PERFIL_ACAO
   (CD_PERFIL, CD_SISTEMA, CD_ACAO)
 Values
   (187, 31, 911);
Insert into CTF.PERFIL_ACAO
   (CD_PERFIL, CD_SISTEMA, CD_ACAO)
 Values
   (187, 31, 956);
Insert into CTF.PERFIL_ACAO
   (CD_PERFIL, CD_SISTEMA, CD_ACAO)
 Values
   (187, 31, 957);
Insert into CTF.PERFIL_ACAO
   (CD_PERFIL, CD_SISTEMA, CD_ACAO)
 Values
   (187, 31, 958);
Insert into CTF.PERFIL_ACAO
   (CD_PERFIL, CD_SISTEMA, CD_ACAO)
 Values
   (187, 31, 959);
Insert into CTF.PERFIL_ACAO
   (CD_PERFIL, CD_SISTEMA, CD_ACAO)
 Values
   (187, 31, 960);
Insert into CTF.PERFIL_ACAO
   (CD_PERFIL, CD_SISTEMA, CD_ACAO)
 Values
   (187, 31, 961);
Insert into CTF.PERFIL_ACAO
   (CD_PERFIL, CD_SISTEMA, CD_ACAO)
 Values
   (187, 31, 962);
Insert into CTF.PERFIL_ACAO
   (CD_PERFIL, CD_SISTEMA, CD_ACAO)
 Values
   (187, 31, 963);
Insert into CTF.PERFIL_ACAO
   (CD_PERFIL, CD_SISTEMA, CD_ACAO)
 Values
   (187, 31, 949);
Insert into CTF.PERFIL_ACAO
   (CD_PERFIL, CD_SISTEMA, CD_ACAO)
 Values
   (187, 31, 950);
Insert into CTF.PERFIL_ACAO
   (CD_PERFIL, CD_SISTEMA, CD_ACAO)
 Values
   (182, 31, 911);
COMMIT;


--------------------------------------USUARIO*PERFIL---------------------------------------
SET DEFINE OFF;
Insert into CTF.USUARIO_PERFIL
   (CD_PERFIL, CD_SISTEMA, CD_USUARIO)
 Values
   (180, 31, 3682);
Insert into CTF.USUARIO_PERFIL
   (CD_PERFIL, CD_SISTEMA, CD_USUARIO)
 Values
   (182, 31, 3682);
Insert into CTF.USUARIO_PERFIL
   (CD_PERFIL, CD_SISTEMA, CD_USUARIO)
 Values
   (183, 31, 3682);
Insert into CTF.USUARIO_PERFIL
   (CD_PERFIL, CD_SISTEMA, CD_USUARIO)
 Values
   (184, 31, 3682);
Insert into CTF.USUARIO_PERFIL
   (CD_PERFIL, CD_SISTEMA, CD_USUARIO)
 Values
   (185, 31, 3682);
Insert into CTF.USUARIO_PERFIL
   (CD_PERFIL, CD_SISTEMA, CD_USUARIO)
 Values
   (186, 31, 3682);
Insert into CTF.USUARIO_PERFIL
   (CD_PERFIL, CD_SISTEMA, CD_USUARIO)
 Values
   (187, 31, 3682);
COMMIT;


----------------------------DEPARTAMENTO----------------------------
SET DEFINE OFF;
Insert into CTF.DEPARTAMENTO
   (CD_DEPARTAMENTO, CD_USUARIO, DS_DEPARTAMENTO, IC_FALE_CONOSCO, CD_SIGLA)
 Values
   (32, NULL, 'Elo', 'N', NULL);
COMMIT;


----------------------------TIPO USUARIO-----------------------------
SET DEFINE OFF;
Insert into CTF.TIPO_USUARIO
   (CD_TIPO_USUARIO, CD_SIGLA, CD_DEPARTAMENTO, DS_TIPO_USUARIO, NU_NIVEL_HIERARQUICO, 
    IC_CADASTRO_ONLINE, IC_PONTO)
 Values
   (46, NULL, 32, 'USUARIO', 1, 
    'N', 'N');
COMMIT;














--------------------------------------USUARIO---------------------------------------

Usuário deve ser criado através a interface do MOL, sem departamento s SEM tipo de usuário



--------------------------------------------------------------------------
--Para novos usuários, se for com todos os perfis, 
--basta mudar abaixo o 3682, para o código do usuário desejado...

--SET DEFINE OFF;
--Insert into CTF.USUARIO_PERFIL
--   (CD_PERFIL, CD_SISTEMA, CD_USUARIO)
-- Values
--   (180, 31, 3682);
--Insert into CTF.USUARIO_PERFIL
--   (CD_PERFIL, CD_SISTEMA, CD_USUARIO)
-- Values
--   (182, 31, 3682);
--Insert into CTF.USUARIO_PERFIL
--   (CD_PERFIL, CD_SISTEMA, CD_USUARIO)
-- Values
--   (183, 31, 3682);
--Insert into CTF.USUARIO_PERFIL
--   (CD_PERFIL, CD_SISTEMA, CD_USUARIO)
-- Values
--   (184, 31, 3682);
--Insert into CTF.USUARIO_PERFIL
--   (CD_PERFIL, CD_SISTEMA, CD_USUARIO)
-- Values
--   (185, 31, 3682);
--Insert into CTF.USUARIO_PERFIL
--   (CD_PERFIL, CD_SISTEMA, CD_USUARIO)
-- Values
--   (186, 31, 3682);
--Insert into CTF.USUARIO_PERFIL
--   (CD_PERFIL, CD_SISTEMA, CD_USUARIO)
-- Values
--   (187, 31, 3682);
--COMMIT;




















